configuration,rmse,r2
Equal weights,0.002100322,0.45265412
HAR-RV heavy,0.0023891467,0.29176766
LSTM heavy,0.0019782358,0.51443624
Neural heavy,0.0020187218,0.49435806
