model,instrument,val_rmse,val_mae,val_qlike,val_r2,n_samples
HAR_RV,INDX.CAC,0.001189763130245584,0.0006779558957383672,0.04987260745826418,0.7123099257709068,6120.0
HAR_RV,INDX.SPX,0.0027337653379160463,0.0009321419670101717,0.09926735698441733,0.7348536644648673,5274.0
HAR_RV,INDX.TPX,0.0036795759203579184,0.002072574576287168,0.24549559553904138,0.1814028957566738,3308.0
HAR_RV,INDX.UKX,0.000974380683393401,0.0005759348001570625,0.03939234506295645,0.7451396447033766,6024.0
HAR_RV,INDX.NDX,0.002865245316150318,0.0011019071460154964,0.10208762084800191,0.7191909104913936,5267.0
HAR_RV,INDX.FTSEMIB,0.001221110197516151,0.0006614475617989042,0.037330968667067276,0.7546375908836557,6093.0
HAR_RV,INDX.SMI,0.000871786912833823,0.00048465578648725506,0.03314144635146818,0.775736431812762,6026.0
