model,instrument,val_rmse,val_mae,val_qlike,val_r2,n_samples
HAR_RV,INDX.CAC,0.0006416653511888457,6.118394694988207e-05,0.0010486619372144475,0.9948823587634492,78086.0
HAR_RV,INDX.SPX,0.0007250480294248307,6.40512506124887e-05,0.0013909090637532738,0.9945557262423005,58752.0
HAR_RV,INDX.TPX,0.0008360704824747999,0.00011984819025694898,0.0029808890725141163,0.9857290326058886,44408.0
HAR_RV,INDX.UKX,0.0005823536079132602,4.499219413476138e-05,0.0009100452719879876,0.9948085708778914,76824.0
HAR_RV,INDX.NDX,0.0007602634128827797,6.918827462022478e-05,0.0012175399625165722,0.9937780895754152,58674.0
HAR_RV,INDX.FTSEMIB,0.0005808892471388598,5.1659287995264214e-05,0.000781942939679626,0.9953497795442184,77723.0
HAR_RV,INDX.SMI,0.0004590225258214355,3.917236848558235e-05,0.0007077973336120344,0.9960964804999136,76908.0
