model,instrument,val_rmse,val_mae,val_qlike,val_r2,n_samples
HAR_RV,INDX.SPX,0.0027337653379160463,0.0009321419670101717,0.09926735698441733,0.7348536644648673,5274.0
