model,instrument,val_rmse,val_mae,val_qlike,val_r2,n_samples
HAR_RV,INDX.CAC,0.0011897631302456775,0.000677955895738503,0.0498726074583356,0.712309925770906,6125.0
HAR_RV,INDX.SPX,0.0027337653379160406,0.0009321419670101635,0.09926735698440707,0.7348536644648664,5274.0
HAR_RV,INDX.TPX,0.00367957592034927,0.002072574576341848,0.24549559553578024,0.1814028957604641,3640.0
HAR_RV,INDX.UKX,0.0009743806833933981,0.0005759348001570597,0.03939234506295497,0.7451396447033767,6024.0
HAR_RV,INDX.NDX,0.002865245316150331,0.0011019071460155103,0.1020876208480141,0.7191909104913942,5267.0
HAR_RV,INDX.FTSEMIB,0.0012211101975161277,0.0006614475617988648,0.03733096866705529,0.7546375908836583,6096.0
HAR_RV,INDX.SMI,0.0008717869128338097,0.00048465578648723104,0.033141446351459734,0.7757364318127637,6032.0
