model,instrument,val_rmse,val_mae,val_qlike,val_r2,n_samples
CHRONOS_FINTEXT,INDX.SPX,0.004395890257888165,0.002207372329393664,0.2538948164937245,0.31442203962296744,5274.0
