model,instrument,val_rmse,val_mae,val_qlike,val_r2,n_samples
CHRONOS_FINTEXT,INDX.CAC,0.0019249268429901742,0.0011484649435591922,0.13832751698830062,0.24693524350673524,6120.0
CHRONOS_FINTEXT,INDX.SPX,0.004631839537122864,0.0023490286216810924,0.2861066073749048,0.23885013445953207,5274.0
CHRONOS_FINTEXT,INDX.TPX,0.003964880403606677,0.0021779029831333003,0.28035820540704914,0.049537796001384304,3308.0
CHRONOS_FINTEXT,INDX.UKX,0.0017942057400894963,0.0010374534650884866,0.13217171269753775,0.13584939903022275,6024.0
CHRONOS_FINTEXT,INDX.NDX,0.0050591453590135525,0.002757929261957313,0.2673727117916346,0.1245288193359565,5267.0
CHRONOS_FINTEXT,INDX.FTSEMIB,0.0022431202921024155,0.0012711045089118225,0.14114107632341263,0.17205127938318465,6093.0
CHRONOS_FINTEXT,INDX.SMI,0.0015655702339118559,0.0008636775061770087,0.10482058821048583,0.27675881594462237,6026.0
