model,instrument,val_rmse,val_mae,val_qlike,val_r2,n_samples
MOE,INDX.CAC,0.0009243143140338361,0.00025814271066337824,0.00256192940287292,0.9893832206726074,78066.0
MOE,INDX.SPX,0.0010358525905758142,0.00024403988209087402,0.0033000546973198652,0.9888906478881836,58732.0
MOE,INDX.TPX,0.0010740460129454732,0.0003044168697670102,0.004596487618982792,0.976386308670044,44388.0
MOE,INDX.UKX,0.0008518106187693775,0.0002477249363437295,0.0021311233285814524,0.9888942241668701,76804.0
MOE,INDX.NDX,0.0011632007081061602,0.0004784910997841507,0.004828046075999737,0.985438883304596,58654.0
MOE,INDX.FTSEMIB,0.000818689470179379,0.00021180242765694857,0.0015979777090251446,0.9907653331756592,77703.0
MOE,INDX.SMI,0.0007535945042036474,0.0002772812149487436,0.0020420029759407043,0.9894813895225525,76888.0
