model,instrument,val_rmse,val_mae,val_qlike,val_r2,n_samples
MOE,INDX.SPX,0.005455436650663614,0.0022596283815801144,0.42494726181030273,-0.055994272232055664,5254.0
