model,instrument,val_rmse,val_mae,val_qlike,val_r2,n_samples
MOE,INDX.CAC,0.005746761336922646,0.0029600164853036404,3.0745151042938232,-3.875560760498047,3973.0
MOE,INDX.SPX,0.005356798879802227,0.002695318777114153,0.4341876208782196,-0.01749277114868164,5247.0
MOE,INDX.TPX,0.013363339006900787,0.007658782880753279,4.910166263580322,-6.676615238189697,1162.0
MOE,INDX.UKX,0.005420040804892778,0.002979290671646595,15.885552406311035,-4.2274370193481445,3461.0
MOE,INDX.NDX,0.0053848871029913425,0.00301540014334023,0.36420443654060364,0.007193207740783691,5240.0
MOE,INDX.FTSEMIB,0.012857341207563877,0.0076965587213635445,1.5064483880996704,-11.889211654663086,2061.0
MOE,INDX.SMI,0.01455411221832037,0.007094244938343763,3.406031608581543,-30.325183868408203,2522.0
