model,instrument,val_rmse,val_mae,val_qlike,val_r2,n_samples
MOE,INDX.SPX,0.0033212120179086924,0.0013964222744107246,0.10788539797067642,0.6086225509643555,5254.0
