model,instrument,val_rmse,val_mae,val_qlike,val_r2,n_samples
LSTM,INDX.SPX,0.006522725336253643,0.003789758775383234,3781.929931640625,-0.5095959901809692,5254.0
TCN,INDX.SPX,0.006522725336253643,0.003789758775383234,3781.929931640625,-0.5095959901809692,5254.0
