model,instrument,val_rmse,val_mae,val_qlike,val_r2,n_samples
TIMESFM_FINTEXT,INDX.SPX,0.005048839657805292,0.002571589538356034,0.35415954248297155,0.09562963859714857,5274.0
